Book Id,Title,Author,Author l-f,Additional Authors,ISBN,ISBN13,My Rating,Publisher,Binding,Number of Pages,Year Published,Original Publication Year,Date Read,Date Added,Bookshelves,Bookshelves with positions,Exclusive Shelf,My Review,Spoiler,Private Notes,Read Count,Owned Copies
11455485,Satantango,László Krasznahorkai,"Krasznahorkai, László",George Szirtes,"=""0811217345""","=""9780811217347""",0,New Directions,Hardcover,274,2012,1985,,2025/10/09,to-read,to-read (#16),to-read,,,,0,0
123382504,Heart of Darkness (A classics illustrated novel by Joseph Conrad),Joseph Conrad,"Conrad, Joseph",,"=""""","=""""",3.0,,Kindle Edition,126,2022,1899,2025/08/11,2025/08/09,physically-owned,physically-owned (#53),read,"A short read and I feel like its way too compressed. And since I read this alongside Moby Dick I kind of think that the narration of the scenes is way better than M.D. but I still find myself confused with the flow of the events. I don’t know if Conrad is a racist or not but it shows in his writing lol, which I’m not really a big fan of. But I still commend some good lines when the narrator is introspecting about life and death.<br/><br/>——<br/><br/>P.S. I kind of thought Marlow and Kurtz has this close intimacy but not in a romantic way, just kind of gay LMFAO considering its written in 18th/19th century.😭",,,1,0
406373,Faust,Johann Wolfgang von Goethe,"Goethe, Johann Wolfgang von",Walter Kaufmann,"=""0385031149""","=""9780385031141""",0,Vintage,Paperback,503,1962,1808,,2025/08/09,"to-read, physically-owned","to-read (#15), physically-owned (#55)",to-read,,,,0,0
69590997,Hamlet By William Shakespeare Annotated.,William Shakespeare,"Shakespeare, William",,"=""""","=""9798478180232""",0,Independently published,Hardcover,183,2021,1601,,2025/08/09,"to-read, physically-owned","to-read (#14), physically-owned (#54)",to-read,,,,0,0
153747,"Moby-Dick or, The Whale",Herman Melville,"Melville, Herman","Andrew Delbanco, Tom Quirk","=""0142437247""","=""9780142437247""",0,Penguin Classics ,Paperback,720,2003,1851,,2024/02/02,"physically-owned, currently-reading","physically-owned (#17), currently-reading (#5)",currently-reading,,,,1,0
56697830,Anna Karenina,Leo Tolstoy,"Tolstoy, Leo",,"=""""","=""""",4.0,,Kindle Edition,1198,2021,1878,2025/07/31,2025/03/17,"physically-owned, russian-literature","physically-owned (#45), russian-literature (#5)",read,"It took me a while to write this review after finishing the book last month. I had to be in the right mental space to give it a proper yapping.<br/><br/>Let me be clear: I disliked the plot and the characters. Why? Because the entire premise revolves around infidelity—and worse, it romanticizes it. The main couple’s attempts to justify and persist in their transgressions, while shamelessly flaunting their relationship in the face of high society, baffled me, much like Hester Prynne did in The Scarlet Letter. And I’ll admit it: I’m not mature enough to rationalize or excuse their behavior. Just like with Wuthering Heights, I couldn’t stand the characters, nor was I interested in trying to understand them. <br/><br/>But here’s the thing: I still read all 800+ pages because Tolstoy’s prose (and this translation in particular) deserves admiration. His writing is compelling. He uses different types of characters and explored several themes, particularly on the second couple that balances the whole story. Furthermore, the way he crafted characters I deeply despised is a proof to his skill. He made me feel something visceral, even if it was disgust. That, in itself, is a good storytelling.<br/><br/>So no, I didn’t love the story. But I respect the craft. It’s a 3.5/5 for me.",,,1,0
18505774,The Art of Thinking Clearly,Rolf Dobelli,"Dobelli, Rolf",,"=""0062219693""","=""9780062219695""",1.0,Harper Paperbacks,Paperback,384,2014,2011,2025/07/31,2025/05/09,"physically-owned, self-help","physically-owned (#50), self-help (#23)",read,"I gave this book a chance despite wanting to drop it multiple times. I enjoyed reading this around 20 snippets during my free time, while eating and on the road. I even analyze and share most of my thoughts and when there’s chapter I couldn’t grasp I paused—thinking I’m just in a different mental space—or so I thought. The heck, it gets worse. I barely understand some points because the analogies and citations aren’t even matching up properly to the idea. The writing was insufferable; it’s all over the place and I felt like I was wasting my time throughout the latter readings. I could tolerate a more in-depth analysis on those fallacies, not just some pity nonsense explanations that doesn’t even help to expand the idea. Most stuffs are also just common sense. I even tried to check others’ reviews just in case it’s just me who misinterpret this book—but alas, I share the sentiments. I really regret spending my money on this book.",,,1,0
57393737,A Gentle Reminder,Bianca Sparacino,"Sparacino, Bianca",,"=""1949759296""","=""9781949759297""",4.0,Thought Catalog Books,Paperback,152,2021,2021,2025/05/01,2025/07/30,,,read,,,,1,0
30659,Meditations,Marcus Aurelius,"Aurelius, Marcus",Martin Hammond,"=""0140449337""","=""9780140449334""",0,Penguin Books,Paperback,254,2006,180,,2025/06/25,"to-read, physically-owned","to-read (#13), physically-owned (#52)",to-read,,,,0,0
19068,The Nicomachean Ethics,Aristotle,"Aristotle, Aristotle","Hugh Tredennick, J.A.K. Thomson, Jonathan Barnes","=""0140449493""","=""9780140449495""",0,Penguin Classics,Paperback,329,2004,-350,,2025/06/25,"to-read, physically-owned","to-read (#12), physically-owned (#51)",to-read,,,,0,0
13363089,The Iliad,Homer,"Homer, Homer",,"=""000790214X""","=""9780007902149""",0,William Collins,Paperback,648,2011,-750,,2023/07/03,"physically-owned, did-not-finish","physically-owned (#23), did-not-finish (#2)",did-not-finish,,,,1,0
19335711,Tales of Mystery and Imagination: A Masterpiece of 19th Century Gothic Horror and Detective Fiction (Collins Classics),Edgar Allan Poe,"Poe, Edgar Allan",,"=""0007480660""","=""9780007480661""",0,William Collins,Kindle Edition,542,2012,1842,2025/06/02,2023/07/04,physically-owned,physically-owned (#22),read,,,,1,0
56481506,"Return on Ambition: A Radical Approach to Your Achievement, Growth, and Well-Being",Nicolai Chen Nielsen,"Nielsen, Nicolai Chen",Nicolai Tillisch,"=""1734324872""","=""9781734324877""",5.0,Fast Company Press,Kindle Edition,304,2021,2021,2025/04/29,2025/04/10,"business-career, self-help, favorites","business-career (#9), self-help (#22), favorites (#4)",read,"I love it so much. This is the book that I will prolly reread multiple times. I wish I could buy a physical copy of this, unfortunately it’s not available in local bookstores. Totally recommended for young ambitious adults! 5/5",,,1,0
56922594,The Stranger in the Lifeboat,Mitch Albom,"Albom, Mitch",,"=""006288834X""","=""9780062888341""",4.0,Harper,Hardcover,271,2021,2021,2025/04/28,2025/04/28,,,read,"Part of the reason why I read Albom’s works are because they are really easy and light to read—one you can enjoy while having head and stomach aches. It’s my third reading of Albom’s works and it’s just the kind of story you can finish in one reading and does not regret picking it up. It’s not the best work out there, not that remarkable too, but it’s just on another league of its own. ",,,1,0
29433560,Deep Work: Rules for Focused Success in a Distracted World,Cal Newport,"Newport, Cal",,"=""0349413681""","=""9780349413686""",0,Little Brown,Paperback,304,2013,2016,,2025/04/08,"physically-owned, self-help, currently-reading","physically-owned (#47), self-help (#21), currently-reading (#4)",currently-reading,,,,1,0
6185,Wuthering Heights,Emily Brontë,"Brontë, Emily","Richard J. Dunn, Charlotte Brontë, John Bugg, Robert Heindel","=""""","=""""",4.0,Norton,Paperback,464,2002,1847,2025/04/17,2024/02/02,physically-owned,physically-owned (#18),read,"Honestly, I can’t definitively say if Wuthering Heights is a “good” or “bad” book from a subjective standpoint. I did enjoy reading it at times—it’s absolutely worth it if you’re into psychoanalyzing twisted character dynamics. Objectively speaking, yes—it’s a well-written novel with solid narration, a tightly woven plot, and layered literary techniques.<br/><br/>But you know what they say: a 10/10 book about 0/10 people.<br/>Like, oh my god, I want to respect the complexity of these characters, but it’s hard when every single one is insufferable. It’s basically a generational Victorian-era soap opera—an unromantic romance filled with impulsive fools. I hated almost all of them: the emotionally feral main characters, the og king of rage and vengeance, the unreliable narrators (basically gossipmongers), and the endless cycle of toxic family drama. Ugh.<br/><br/>So yeah, while I can acknowledge its literary merit, this just isn't my kind of story.<br/>Final verdict: 3.5/5",,,1,1
144694422,The Scarlet Letter (Wordsworth Classics) by Nathaniel Hawthorne (5-May-1992) Paperback,Nathaniel Hawthorne,"Hawthorne, Nathaniel",,"=""""","=""""",3.0,Wordsworth Editions; Reprint edition (5 May 1992),Paperback,0,,1850,2025/04/14,2023/11/20,physically-owned,physically-owned (#4),read,"This book is as dense as everyone warned me it would be—and the archaic language in the Wordsworth Classics edition didn’t help. It made the whole thing harder to digest, so I’ll admit, I skimmed through parts.<br/><br/>That said, I still got the gist of the plot. But to be honest... I didn’t enjoy the characters. In fact, I downright disliked most of them—especially Hester. I couldn’t understand why she carried herself with such pride after committing adultery, or why she insisted on protecting the father’s identity. And her treatment of Pearl? Don’t even get me started. I couldn’t tell if she truly loved Pearl or just tolerated her—sometimes she spoke to her like a burden, other times like a miracle. She’s definitely a complex main character, but I found myself more confused than empathetic.<br/><br/>In the end, I think this is one of those books I’ll need to revisit when I’m older—maybe with more context about the setting, the time period, and Hawthorne himself. Because right now? My brain and this book are on different wavelengths.",true,,1,0
15881,"Harry Potter and the Chamber of Secrets (Harry Potter, #2)",J.K. Rowling,"Rowling, J.K.",Mary GrandPré,"=""""","=""""",4.0,Arthur A. Levine Books,Hardcover,341,1999,1998,2020/06/05,2023/07/04,physically-owned,physically-owned (#49),read,,,,1,0
72193,"Harry Potter and the Philosopher’s Stone (Harry Potter, #1)",J.K. Rowling,"Rowling, J.K.",,"=""""","=""""",4.0,Bloomsbury Publishing,Paperback,223,1997,1997,2020/06/03,2023/07/04,physically-owned,physically-owned (#48),read,,,,1,0
17245,Dracula,Bram Stoker,"Stoker, Bram","Rubén Toledo, Nina Auerbach, David J. Skal","=""0393970124""","=""9780393970128""",5.0,Norton,Paperback,488,1986,1897,2025/04/11,2024/02/02,physically-owned,physically-owned (#15),read,It’s a good read—makes sense why it’s considered classic.,,,1,0
13082431,A Breath of Life,Clarice Lispector,"Lispector, Clarice","Johnny Lorenz, Benjamin Moser","=""0811219623""","=""9780811219624""",1.0,New Directions,Paperback,167,2012,1978,2024/06/06,2023/12/31,did-not-finish,did-not-finish (#1),did-not-finish,"I’m 50% done with the book and I don’t see the need to continue reading those incoherent and nonsensical thoughts. I gave it a chance, hoping it would be better because I have never drop a book (this is the first one). I get the point that it would be appealing since both Angela and the author’s thoughts are deep per say—but it’s not giving anything except annoyance. While reading this, I feel like I was merely gulping those words which I initially thought would resonate with me as an empath but no, it’s rubbish to live so much inside your head.",,,1,0
54898389,The Almanack of Naval Ravikant: A Guide to Wealth and Happiness,Eric Jorgenson,"Jorgenson, Eric","Timothy Ferriss, Naval Ravikant","=""""","=""9781544514208""",5.0,Magrathea Publishing,Kindle Edition,244,2020,2020,2023/08/11,2023/08/10,"highly-recommended, self-help, favorites","highly-recommended (#6), self-help (#2), favorites (#3)",read,"I've found resonance and comfort in this book; it's as if a guru is imparting unsaid knowledge vital for thriving in modern society, all while being grounded in a century-old school system.",,,1,0
20839196,Sapiens: A Brief History of Humankind – The #1 New York Times Bestseller Exploring Evolution and Ancient Socieities,Yuval Noah Harari,"Harari, Yuval Noah",,"=""0062316095""","=""9780062316097""",5.0,Harper,Hardcover,443,2015,2011,2025/02/27,2023/11/06,"self-help, physically-owned, favorites","self-help (#13), physically-owned (#19), favorites (#2)",read,A book that everyone should read not just once in this lifetime but at least twice every decade.,,,1,0
55921207,1984 Nineteen Eighty-Four,George Orwell,"Orwell, George",,"=""0008322066""","=""9780008322069""",5.0,William Collins,Paperback,358,2021,1949,2023/07/25,2023/07/23,"highly-recommended, physically-owned, favorites","highly-recommended (#2), physically-owned (#36), favorites (#1)",read,"I don't know where to begin because I'm still at a loss for words that could articulately describe my thoughts towards this book. But here's the main point: ""1984"" broke the meter scale. I swear, this is beyond a 5-star rating, considering my selective palate.<br/><br/>My interest has always been in humanities and social sciences, and ""1984"" captures its beauty through a nation with a totalitarian government ruled by oligarchies. With this being the status quo, oppression, war, slavery, psychological manipulation, historical forgery, invasion of privacy, language evolution, and other radical changes and issues are present. It presents a perfect dystopian society highlighted with different social classes, from the Inner Party to the proles (similar to Karl Marx’s bourgeois and proletariat). One concept that is apparent throughout the novel is ""Doublethink,"" a Newspeak word relating to accepting the orthodox while unconsciously manipulating it. A good example is The Party's propaganda and slogan like “Freedom is Slavery” and the Ministry of Love as the department for torture and punishment.<br/><br/>To be honest, at the beginning, I wanted to spot a flaw in this book and criticize Orwell. However, ""1984"" deserves its recognition, and it lives up to its name as one of the best classics ever-written. Orwell's writing style is for the general audience. It has no unnecessary highfalutin words and lengthy sentence structures to sound pretentious and intimidating. The plot is thoroughly researched and well-written. Every chapter either ends by letting you reach the shore or standing at the edge of the cliff. I felt like I was inside a shell while reading this because my guesses were surprisingly always incorrect, making me more invested and excited to read more. The ending is freaking perfect, Orwell slayed and nailed it. As a tea, here's the last line: “He loved Big Brother.”<br/><br/>But more than that, ""1984"" goes beyond its settings. Its relevance to today's society is uncanny. I now understand why many say this book is a cautionary tale for the future because it predicts the dangers of unchecked authority.<br/><br/>If you're interested in knowing more about today's society, read this book because we live in Orwell's ""1984.""",,,1,0
1303,The 48 Laws of Power,Robert Greene,"Greene, Robert",,"=""0140280197""","=""9780140280197""",2.0,Penguin Books,Paperback,452,2000,1999,2025/04/09,2023/08/22,physically-owned,physically-owned (#21),read,This was so cynical. Why did I like it few years ago? Hahaha.,,,1,0
41881472,"The Psychology of Money: Timeless Lessons on Wealth, Greed, and Happiness",Morgan Housel,"Housel, Morgan",,"=""""","=""""",0,Harriman House,Paperback,242,2020,2020,,2025/04/08,"to-read, business-career, physically-owned","to-read (#11), business-career (#8), physically-owned (#46)",to-read,,,,0,0
3431,The Five People You Meet in Heaven,Mitch Albom,"Albom, Mitch",,"=""0786868716""","=""9780786868711""",4.0,Hyperion,Hardcover,196,2003,2003,2025/04/06,2025/04/06,,,read,,,,1,0
29418026,Seeds Planted in Concrete,Bianca Sparacino,"Sparacino, Bianca",,"=""0996487123""","=""9780996487122""",3.0,Thought Catalog Books,Paperback,122,2015,2015,2025/04/05,2025/04/05,self-help,self-help (#20),read,,,,1,0
55286154,"The 38 Letters from J.D. Rockefeller to His Son: Perspectives, Ideology, and Wisdom",范毅然,"范毅然, 范毅然",,"=""""","=""""",2.0,,Kindle Edition,187,2020,,2025/04/05,2025/03/17,"business-career, self-help","business-career (#7), self-help (#19)",read,Ego.,,,1,0
55921253,The Road to Wigan Pier,George Orwell,"Orwell, George",,"=""0008443823""","=""9780008443825""",4.0,HarperCollins,Paperback,240,2021,1937,2025/03/20,2023/08/16,physically-owned,physically-owned (#8),read,,,,1,0
5206937,A Modest Proposal,Jonathan Swift,"Swift, Jonathan",,"=""1605977276""","=""9781605977270""",5.0,Book Jungle,Paperback,48,2008,1729,2025/01/27,2025/01/26,,,read,"A good satire, funny enough, I hoped he wasn’t joking. It’s very a modest proposal, indeed.",,,1,0
25490360,The Burnout Society,Byung-Chul Han,"Han, Byung-Chul",Erik Butler,"=""0804795096""","=""9780804795098""",5.0,Stanford University Press,Paperback,60,2015,2010,2025/01/06,2025/01/06,,,read,"I think I like this book a little too much—so much so that I can see myself rereading it 3–4 times this year. It’s such a unique find.<br/><br/>I’ve always come across the idea that mental illnesses or issues like those mentioned in the book are the result of a negative mindset or an unhealthy lifestyle. That perspective never quite sat right with me. Ironically, this book argues that it’s not negativity but rather excessive positivity in work and performance that’s at the root of our struggles. Han’s concept of the ""achievement-society"" completely resonated with me, especially as someone raised within such a framework.<br/><br/>He writes:<br/><br/><i>“The achievement-subject exploits itself until it burns out. In the process, it develops auto-aggression that often enough escalates into the violence of self-destruction. The project turns out to be a projectile that the achievement-subject is aiming at itself.”</i><br/><br/>This idea—that we are simultaneously the exploiter and the exploited—perfectly encapsulates the modern condition.<br/><br/>As for the writing, I found it fascinating how Han weaves together references to philosophers, psychologists, and writers. He doesn’t just cite their work—he frequently challenges and debunks their ideas, which made for thought-provoking reading. That said, the book contains a lot of jargon that required me to look things up. I didn’t mind this, but the frequent use of unnecessarily complex or ""highfalutin"" language (perhaps due to translation) did irk me at times.<br/><br/>Overall, this was an excellent read. To close, I’ll leave you with my favorite line from the book:<br/><br/><i>“They are too alive to die, and too dead to live.”</i>",,,1,0
58145670,Courage Is Calling: Fortune Favors the Brave,Ryan Holiday,"Holiday, Ryan",,"=""0593191676""","=""9780593191675""",3.0,Portfolio,Hardcover,278,2021,2021,2024/12/31,2024/06/17,"business-career, self-help","business-career (#2), self-help (#18)",read,"To be honest, I considered this a good book halfway through reading it. Parts 1 and 2 are undeniably engaging, filled with historical background and thoughtful citations from Stoic philosophers. By ""easy read,"" I mean the writing is straightforward—no complex sentences or overly pretentious language, which I appreciated.<br/><br/>However, I lost interest in Part 3, which is why it took me a long time to pick the book up again.",,,1,0
59586952,"The Daily Stoic: 366 Meditations for Clarity, Effectiveness, and Serenity",Ryan Holiday,"Holiday, Ryan",Stephen Hanselman,"=""0735211736""","=""9780735211735""",0,Portfolio,Hardcover,416,2016,2016,,2025/01/06,currently-reading,currently-reading (#3),currently-reading,,,,1,0
24874322,The Life of a Stupid Man,Ryūnosuke Akutagawa,"Akutagawa, Ryūnosuke",Jay Rubin,"=""0141397721""","=""9780141397726""",3.0,Penguin Classics,Paperback,55,2015,1927,2024/12/21,2024/12/11,,,read,,,,1,0
22822858,A Little Life,Hanya Yanagihara,"Yanagihara, Hanya",,"=""0385539258""","=""9780385539258""",0,Doubleday,Hardcover,736,2015,2015,,2023/07/03,"physically-owned, currently-reading","physically-owned (#7), currently-reading (#2)",currently-reading,,,,1,0
40672036,Digital Minimalism: Choosing a Focused Life in a Noisy World,Cal Newport,"Newport, Cal",,"=""052553654X""","=""""",4.0,Portfolio,Kindle Edition,302,2019,2019,2024/06/22,2024/06/10,"self-help, technology","self-help (#16), technology (#2)",read,"It’s a good book—quite insightful. I jotted down the practices and leisure lessons. I also appreciate how it’s backed up by research, philosophical background, real-life testimonies, and even a personal social experiment. The author’s personal experiences also add a relatable touch, making the book not only informative but also personable.<br/><br/>Though I liked all the ideas, I find them common (subjectively) because I’ve been practicing digital minimalism (without knowing the term) for years now. <br/><br/>But overall, it follows a clear outline and presents strong arguments. The structured approach helps in understanding the step-by-step process of adopting digital minimalism, and the actionable advice makes it practical for me to follow and apply in my life.",,,1,0
54829115,A Child's Dream of a Star,Charles Dickens,"Dickens, Charles",,"=""""","=""""",4.0,Puplic domain,ebook,13,2014,1850,2024/06/19,2024/06/18,,,read,"I accidentally passed by to read this and I thought how lovely it is to transcribe into my mother tongue! Sparklingly the idea to actually do so comes to life because I have an academic paper required to translate a piece of literature.<br/><br/>Dickens, I will always be in debt and awe.",,,1,0
128533513,Make Something Wonderful,Steve Jobs,"Jobs, Steve",,"=""""","=""""",5.0,"The Steve Jobs Archive, LLC",ebook,194,2023,,2024/06/07,2024/06/06,"memoir, highly-recommended, business-career","memoir (#4), highly-recommended (#10), business-career (#6)",read,what a read! will prolly be rereading this multiple times.,,,1,0
4030991,Shoe Dog,Phil Knight,"Knight, Phil",,"=""1501135937""","=""9781501135934""",5.0,Scribner,Kindle Edition,402,2016,2016,2024/06/08,2024/06/08,"memoir, business-career","memoir (#5), business-career (#5)",read,will read this again! the audiobook won’t suffice.,,,1,0
55189231,The Art and Business of Online Writing: How to Beat the Game of Capturing and Keeping Attention,Nicolas Cole,"Cole, Nicolas",,"=""0998203483""","=""9780998203485""",3.0,Nicolas Cole,Kindle Edition,340,2020,,2024/01/01,2023/09/06,business-career,business-career (#4),read,,,,1,0
50714359,The Unfair Advantage: How You Already Have What It Takes to Succeed,Ash Ali,"Ali, Ash",Hasan Kubba,"=""1788163311""","=""9781788163316""",3.0,Profile Books,Hardcover,256,2020,,2023/12/28,2023/09/06,business-career,business-career (#3),read,"This book isn't entirely bad, methinks, mainly because the first half is quite informative. However, I lost interest midway as it shifted from a general audience focus to a more specific one—geared toward those interested in entrepreneurship. I also observed that the author frequently uses examples of successful and well-known ventures, often repeating them across different chapters and making this book more boring. Some ideas and concepts are also just common sense, while others are overly technical and left unexplained. Overall, it's not terrible, so I might recommend this book if I were part of the intended audience. <br/>",,,1,0
114737,"It's Not How Good You Are, It's How Good You Want To Be",Paul Arden,"Arden, Paul",,"=""0714843377""","=""9780714843377""",3.0,Phaidon Press,Paperback,128,2007,2003,2024/06/18,2024/06/17,"business-career, self-help","business-career (#1), self-help (#17)",read,“You must develop a complété disregard for where your abilities end. Try  to  do  the  things  that  you’re incapable of.”<br/>,,,1,0
43585885,Ada Lovelace (DK Life Stories),Nancy F. Castaldo,"Castaldo, Nancy F.",,"=""1465485406""","=""9781465485403""",4.0,DK Children,Paperback,128,2019,,2023/08/04,2023/08/03,technology,technology (#3),read,"I want to learn more about my mother-to-be, Ada Lovelace, in hope that I'll learn to share her interest. But damn, women in STEM scare me. <br/><br/>I love the graphic illustration in this book and the text are readable, suitable for young readers.",,,1,0
198678736,Co-Intelligence: Living and Working with AI,Ethan Mollick,"Mollick, Ethan",,"=""075356078X""","=""9780753560785""",5.0,Virgin Digital,Kindle Edition,243,2024,2024,,2024/06/08,technology,technology (#1),read,,,,1,0
40097951,The Silent Patient,Alex Michaelides,"Michaelides, Alex",,"=""1250301696""","=""9781250301697""",5.0,Celadon Books,Hardcover,336,2019,2019,2024/06/06,2023/10/21,physically-owned,physically-owned (#20),read,"i fucking love this. rarely have i read a contemporary fiction that i can’t bring myself to put down.<br/><br/>so where do i start? first, this is the first book that i read with a penpal (halfway through it) and i was super enthusiastic to research and scrutinize every bits of it. oh how i love annotating this one with all my theories.<br/><br/>the plot, the character, the twist, the end! hands down. this is so good.",,,1,0
504791,Candide,Voltaire,"Voltaire, Voltaire","Gita May, Henry Morley, Lauren Walsh","=""159308028X""","=""9781593080280""",4.0,Barnes and Noble Classics,Paperback,146,2003,1759,2024/06/06,2024/05/26,physically-owned,physically-owned (#43),read,One of the gems that I genuinely enjoyed.,,,1,0
531509,"Herland (The Herland Trilogy, #2)",Charlotte Perkins Gilman,"Gilman, Charlotte Perkins",,"=""0394736656""","=""9780394736655""",1.0,Pantheon,Paperback,147,1979,1915,2024/05/30,2023/07/05,friends-recommendation,friends-recommendation (#2),read,"it’s boring, cliche, and predictable. i feel so rude by writing this but those three words are the only thing i could think of while reading the book.",,,1,0
638677,A Box of Matches,Nicholson Baker,"Baker, Nicholson",,"=""0375502874""","=""9780375502873""",4.0,Random House,Hardcover,178,2003,2003,2024/05/26,2024/02/02,physically-owned,physically-owned (#5),read,"Books written by old men always caught me. I like to read their thoughts, and this book depicts the daily musings of a father in his forties. It’s a simple narration and a very mundane life, yet it wasn’t boring—or maybe it was for others, but I love reading such stories. No clear plots, high points, or any stressors. I’m just reading it and I got lost in the words. It’s good.",,,1,0
13557703,"Fifty Shades of Grey (Fifty Shades, #1)",E.L. James,"James, E.L.",,"=""0099579936""","=""9780099579939""",0,Arrow Books,Paperback,514,2012,2011,,2024/01/03,"to-read, physically-owned","to-read (#4), physically-owned (#44)",to-read,,,,0,0
33950893,Thirteen Reasons Why,Jay Asher,"Asher, Jay",,"=""0141387777""","=""9780141387772""",2.0,PENGUIN,Paperback,320,2017,2007,2023/06/30,2023/07/03,physically-owned,physically-owned (#42),read,,,,1,0
84979,Pride and Prejudice,Jane Austen,"Austen, Jane",,"=""0553213105""","=""9780553213102""",4.0,Bantam Classic,Mass Market Paperback,334,2003,1813,,2023/07/03,physically-owned,physically-owned (#41),read,,,,1,0
84943,Lord of the Flies,William Golding,"Golding, William",E.L. Epstein,"=""""","=""""",3.0,The Putnam Publishing Group,Mass Market Paperback,202,2003,1954,2023/08/03,2023/08/02,physically-owned,physically-owned (#40),read,"I love the theme and symbolisms applied in this survival story. But tbh, I'm confused at the beginning till the ending... I feel like there are missing information that are deliberately left out.",,,1,0
59792552,The Seven Husbands of Evelyn Hugo,Taylor Jenkins Reid,"Reid, Taylor Jenkins",,"=""1398515698""","=""9781398515697""",3.0,‎Simon & Schuster UK,Paperback,389,2021,2017,2023/08/17,2023/08/08,physically-owned,physically-owned (#39),read,"I believed I had set my expectations too high due to the hype. I even purchased the physical copy, thinking I might regret not doing so, only to find myself feeling the opposite.<br/><br/>My annotated tabs are categorized into four shades: (a) maroon for parts despising Evelyn, (b) scarlet red for the positive aspects, (c) yellow-green for distasteful content, and (d) yellow for striking and witty quotes. Regrettably, the book ended up with alternating maroon and yellow-green tabs only.<br/><br/>The portrayal of relationships, marriages, and sex involving Evelyn's husbands wasn't innovative or refreshing. It felt akin to watching old cliché soap operas, and merging them into a single story felt nightmarish. While Jenkins' chronological alignment and development of each relationship were commendable, they failed to captivate me. I found the plot flow mediocre and lacking excitement, especially concerning the epiphanies and twists, which felt common and uninteresting.<br/><br/>One of the main reasons for my dislike of this book is Evelyn Hugo herself. She's a character designed to be disliked (perhaps the author's intention). She exhibits traits of manipulation, eccentricity, selfishness, immorality, cunning, and foolishness. She isn't the sharpest tool in the box; most of her actions stem from a hunger for fame/wealth or pure impulsiveness. Her ignorance and foolishness bothered me greatly. To compound matters, she's fully conscious of her own hypocrisy and wickedness. While she underwent the character development I sought, the author undermined the supporting characters, specifically Celia.<br/><br/>Acknowledging the subjectivity, I don't align strictly with either liberalism or conservatism; I often reside in the gray area of the spectrum. When Jenkins touts this book as women's empowerment or an awakening against patriarchy, I respectfully disagree. Evelyn consistently relied on men to gain power and mask her cowardice. Though strong and brave, she led a toxic life. I detested Evelyn's failure to take full responsibility for her actions. Her pursuit of luxury and comfort led to significant life mistakes, persisting until death. Hence, she could only unveil her true self (as she termed it) when she had nothing left to lose.<br/><br/>Turning to Monique, her personality is off-putting. If this book were Evelyn's biography, she'd seem like a gossipmonger who intrudes on others' lives without effectively highlighting moral lessons while boosting explicit and obscene content.<br/><br/>Despite the flaws outweighing the positives, I'm giving this a fair rating because I did derive some enjoyment from reading it at certain points. It also addresses real-life issues that warrant attention. However, I recognize this story doesn't align with my preferences (though I understand its appeal to some readers). I doubt I'd reread or recommend it.",,,1,0
62847447,War and Anti-War - Making Sense of Today's Global Chaos,Alvin Toffler,"Toffler, Alvin",Heidi Toffler,"=""0751512818""","=""9780751512816""",4.0,Warner Books Inc,Paperback,368,1995,,2023/08/21,2023/08/21,physically-owned,physically-owned (#38),read,"A fascinating read, as it delves into and analyzes war in relation to politics and technology, based on past events and hypothesizes about its future. Although the context is no longer relevant in this age, considering it was published in the year 1993, it's entertaining to read realistic presumptions that are actually occurring in the present times. However, a few theories are outdated, and I doubt their accuracy since unprecedented changes continuously occur as time flows.",,,1,0
41880609,On Earth We're Briefly Gorgeous,Ocean Vuong,"Vuong, Ocean",,"=""0525562028""","=""9780525562023""",5.0,Penguin Press,Hardcover,246,2019,2019,2023/12/28,2023/11/20,physically-owned,physically-owned (#37),read,"<b>If life in its rawest form is written, this has to be it.</b><br/><br/>This book punched me right off the start with its perfectly crafted metaphors. I'm a sucker for descriptive, flowery narrations written almost in lyrical poetry. The writing technique is also uncommon, and I know how challenging it is to pull that off—but Vuong did it as if he invented it! He's a genius for choosing ""On Earth We're Briefly Gorgeous"" as the title. I can't think of another book with a title so fitting to its content.<br/><br/>And going to the flesh of the novel, it didn't disappoint! The beginning was captivating, but I must admit there were a couple of chapters in the middle part that I found uninteresting and repetitive. However, this doesn't affect my perfect rating because this novel has so much to offer. It delves into topics such as <s>racism, war, LGBTQIA, mental health, abuse, abortion, suicide, and death</s>. I found myself holding my breath several times in the latter chapters because it was so remarkably beautiful. I wanted to scream, wail, and wallow all at the same time.",,,1,1
56196728,Animal Farm,George Orwell,"Orwell, George",,"=""0008322058""","=""9780008322052""",5.0,William Collins,Paperback,144,2021,1945,2023/08/02,2023/08/02,physically-owned,physically-owned (#35),read,"Orwell did it again, I'm speechless. A chef-d'œuvre indeed!",,,1,0
12193976,The Art of War,Sun Tzu,"Tzu, Sun",,"=""0007420129""","=""9780007420124""",4.0,Collins Classics,Paperback,96,2011,-500,2023/08/30,2023/08/16,physically-owned,physically-owned (#34),read,"I think I understand why Sun Tzu's words still live up to this date. Besides its fascinating and thought-provoking philosophy, it offers real-life application beyond the concept of war. With this being said, my head actually hurts after reading this. I struggled to keep up understanding the perspectives, in an attempt to apply it to my situations. I need to work on my comprehension level.",,,1,0
5107,The Catcher in the Rye,J.D. Salinger,"Salinger, J.D.",,"=""0316769177""","=""9780316769174""",5.0,Back Bay Books,Paperback,277,2001,1951,,2023/07/03,"highly-recommended, physically-owned","highly-recommended (#5), physically-owned (#33)",read,,,,1,0
49682914,The Subtle Art of Not Giving a Fuck,Mark Manson,"Manson, Mark",,"=""""","=""""",2.0,HarperCollins,Hardcover,206,2016,2016,2023/07/14,2023/07/14,"self-help, physically-owned","self-help (#4), physically-owned (#32)",read,"This book wasn't really meant for me, but regardless, I decided to give it a read to pass the time.<br/><br/>Right from the beginning, the writing style felt quite messy and, to be honest, it annoyed me. It was a casual read, but its content delved into the messed-up aspects of our lives. And that's precisely why this book didn't resonate with me—it offered a subjective, black and white perspective on the world and the people within it. I suppose it gained popularity because it appealed to a certain crowd who appreciates that kind of messaging.<br/><br/>Manson touched on various concepts, such as entitlement, values, relationships, and even death. However, this approach posed a problem for me as the short read ended up feeling too broad, losing the essence I was expecting. There were too many points to cover, and some of them lacked focus, especially when unnecessary stories were thrown in.<br/><br/>Despite my criticisms, I'm still giving this book a two-star rating because it did address problems and propose solutions. Although it deviated along the way, I believe Manson achieved his intended goal. However, I don't think it qualifies as a good self-help book for a general audience.",,,1,0
53422370,Letters from a Stoic,Seneca,"Seneca, Seneca",,"=""0008425051""","=""9780008425050""",3.0,HarperCollins,Paperback,256,2021,64,2023/08/24,2023/08/16,"self-help, physically-owned","self-help (#7), physically-owned (#31)",read,"One of my buried selves would have loved this book. Unfortunately, the words seem to float inside my head. Although, I cannot deny that there are few perspectives that I find interesting and enlightening.",,,1,0
40604322,Everything is F*cked: A Book About Hope,Mark Manson,"Manson, Mark",Roger Wayne,"=""0062888447""","=""9780062888440""",2.0,Harper,Audible Audio,288,2019,2019,2023/08/18,2023/08/16,"self-help, physically-owned","self-help (#8), physically-owned (#30)",read,"""How to have hope? Start a religion."" – Everything is Indeed Fucking Fucked<br/><br/>One thing is clear—Google lied; this is not a self-help book. It's a compilation of blogs that defined and pointed out the uses of ""hope"" as a tool to delude oneself. In fact, most parts can be standalone blogs because they have independent ideas that shattered the cohesion and cohesiveness of the book's theme.<br/><br/>Besides Manson's oversimplification of philosophical and psychological concepts (which made this shallow and wordy), the way he utilized analogies for intradisciplinary ideas is inauthentic. He also has forced, unfunny humor that led to an unnatural writing approach.<br/><br/>I tried to read this slowly, in the hope that I can adjust to Manson's poor narrative skills. Then I noticed why I couldn't digest his words; they're overflowing with logical fallacies. Manson is vulnerable to slippery slope arguments, hasty generalizations, and dichotomous claims. His reasons are all over the place, making it difficult to agree with his thinking.<br/><br/>However, this book does contain some tolerable perspectives. In the latter pages, when he talked about politics, the economy, algorithms, and AI, he finally caught my interest. I liked how there's no unnecessary analogy or unrelated research being thrown into those parts. Manson finally wrote in a decent narrative. But don't get me started with the conclusion; it's full of contradictions and fallacies. What a way to end a fucked up book.",,,1,0
40121378,Atomic Habits: An Easy & Proven Way to Build Good Habits & Break Bad Ones,James Clear,"Clear, James",,"=""""","=""""",5.0,Avery,Kindle Edition,319,2018,2018,2024/02/23,2023/11/06,"self-help, physically-owned","self-help (#14), physically-owned (#29)",read,<i>One of the best!</i>,,,1,0
394424,The Prophet,Kahlil Gibran,"Gibran, Kahlil",,"=""0394404289""","=""9780394404288""",4.0,"Borzoi Books/Alfred A. Knopf, Inc.",Hardcover,130,1976,1923,2023/08/07,2023/08/06,"poetry, physically-owned","poetry (#3), physically-owned (#28)",read,"A beautifully crafted collection of prose-poetry with a captivating narrative. This spiritual book contains profound words of wisdom, although some might be subject to debate due to my different beliefs. I've managed to embrace several enlightening thoughts, despite finding Gibran's wordplay somewhat shallow and the metaphorical tone slightly off. Nevertheless, it remains tolerable.<br/><br/>The first thought that captured me: “What can I say about these individuals except that they also bask in the sunlight, yet with their backs turned to the sun? They solely perceive their shadows, mistaking them for their laws. And to them, what is the sun but a creator of shadows?”",,,1,0
189048,"The Ink Dark Moon: Love Poems by Ono no Komachi and Izumi Shikibu, Women of the Ancient Court of Japan",Ono no Komachi,"Komachi, Ono no","Izumi Shikibu, Jane Hirshfield, Mariko Aratani","=""0679729585""","=""9780679729587""",5.0,Vintage,Paperback,212,1990,1988,2020/01/01,2023/08/18,"poetry, japanese-literature, physically-owned","poetry (#1), japanese-literature (#8), physically-owned (#27)",read,one of my favorite poetry collections,,,1,0
1514863,Shale,Vona Groarke,"Groarke, Vona",,"=""1852351314""","=""9781852351311""",3.0,Lilliput Pr Ltd,Paperback,,1994,1994,2020/01/01,2023/08/18,"poetry, physically-owned","poetry (#2), physically-owned (#26)",read,,,,1,0
20413,A Child's Garden of Verses,Robert Louis Stevenson,"Stevenson, Robert Louis",Tasha Tudor,"=""0689823827""","=""9780689823824""",3.0,Simon & Schuster Books for Young Readers,Hardcover,67,1999,1885,2023/09/07,2023/09/06,"poetry, physically-owned","poetry (#5), physically-owned (#25)",read,"I just missed R.L. Stevenson's words so I give this one a go, but to my disappoinment, this book is not meant for me to read. It's a poetry collection for children, hence with my limited sense of connection, I couldn't bring myself to like this book.",,,1,0
23281769,Cut Me Loose: Sin and Salvation After My Ultra-Orthodox Girlhood,Leah Vincent,"Vincent, Leah",,"=""0143127411""","=""9780143127413""",4.0,Penguin Publishing Group,Paperback,240,2015,2014,2024/03/14,2024/02/02,"memoir, physically-owned","memoir (#1), physically-owned (#24)",read,"lots of triggering content but it's an eye-opener, and enabled me to look at different perspectives. damn.",,,1,0
10210,Jane Eyre,Charlotte Brontë,"Brontë, Charlotte",Michael Mason,"=""0142437204""","=""9780142437209""",0,Penguin,Paperback,532,2003,1847,,2024/02/02,"to-read, physically-owned","to-read (#6), physically-owned (#16)",to-read,,,,0,0
48855,The Diary of a Young Girl,Anne Frank,"Frank, Anne","Eleanor Roosevelt, Susan Massotty, Γιάννης Θωμόπουλος, Barbara Mooyaart-Doubleday, Otto H. Frank, Mirjam Pressler","=""""","=""""",0,Bantam,Mass Market Paperback,283,1993,1947,,2024/02/03,"memoir, to-read, physically-owned","memoir (#2), to-read (#7), physically-owned (#14)",to-read,,,,0,0
18693360,"A Dark Inheritance (Unicorne Files, #1)",Chris d'Lacey,"d'Lacey, Chris",,"=""0545608767""","=""9780545608763""",0,Scholastic Press,Hardcover,304,2014,2014,,2024/02/03,"to-read, physically-owned","to-read (#8), physically-owned (#13)",to-read,,,,0,0
22749543,Big Game,Dan  Smith,"Smith, Dan",,"=""0545766354""","=""9780545766357""",0,Chicken House,Paperback,272,2015,2015,,2024/02/03,"to-read, physically-owned","to-read (#9), physically-owned (#12)",to-read,,,,0,0
1544747,The Story of My Life,Helen Keller,"Keller, Helen",Lou Ann Walker,"=""0451524470""","=""9780451524478""",0,Signet Classics,Mass Market Paperback,,1988,1902,,2024/02/03,"memoir, to-read, physically-owned","memoir (#3), to-read (#10), physically-owned (#11)",to-read,,,,0,0
2911094,"M. C. Higgins, the Great",Virginia Hamilton,"Hamilton, Virginia",,"=""0020434901""","=""9780020434900""",0,Simon Pulse,Mass Market Paperback,278,1987,1974,,2024/01/03,"to-read, physically-owned","to-read (#3), physically-owned (#10)",to-read,,,,0,0
56303234,Burmese Days,George Orwell,"Orwell, George",,"=""0008442711""","=""9780008442712""",0,William Collins,Paperback,352,2021,1934,,2023/08/16,"to-read, physically-owned","to-read (#1), physically-owned (#9)",to-read,,,,0,0
42280533,Surrounded by Idiots: The Four Types of Human Behavior and How to Effectively Communicate with Each in Business (and in Life),Thomas Erikson,"Erikson, Thomas",,"=""1250179955""","=""9781250179951""",3.0,St. Martin's Essentials,Kindle Edition,292,2019,2014,2024/05/23,2024/05/16,"self-help, physically-owned","self-help (#15), physically-owned (#6)",read,leisure reading that i enjoy but will not pick up again.,,,1,0
74990213,Frankenstein (Collins Classics),Mary Wollstonecraft Shelley,"Shelley, Mary Wollstonecraft",,"=""""","=""""",5.0,William Collins,Paperback,240,2013,1818,,2023/08/16,physically-owned,physically-owned (#3),read,,,,1,0
8331206,The Picture of Dorian Gray,Oscar Wilde,"Wilde, Oscar",,"=""""","=""""",5.0,Collins Classics,Paperback,224,2010,1890,2022/02/03,2023/08/18,"highly-recommended, physically-owned","highly-recommended (#4), physically-owned (#2)",read,,,,1,0
72132674,Crime and Punishment (Bantam Classics),Fyodor Dostoevsky,"Dostoevsky, Fyodor","Constance Garnett, Joseph Frank","=""""","=""""",0,Bantam Classics,Mass Market Paperback,576,1984,1866,,2023/08/08,"russian-literature, currently-reading, physically-owned","russian-literature (#4), currently-reading (#1), physically-owned (#1)",currently-reading,,,,1,0
49455,Notes from Underground,Fyodor Dostoevsky,"Dostoevsky, Fyodor","Richard Pevear, Larissa Volokhonsky, Donald Fanger","=""067973452X""","=""9780679734529""",4.0,Vintage Classics,Paperback,136,1994,1864,2023/07/12,2023/07/04,russian-literature,russian-literature (#2),read,"This story revolves around a man who lived too much in his head. I don't know how to clearly put this but the character's notes reflected my thoughts towards him almost accurately, to the point where his self-awareness scared me. <br/><br/>The plot itself is summarized in the first line: ""I am a sick man. I am a spiteful man. I am an unattractive man."" He wasn't lying, I swear. Initially, I was fascinated by his cleverness and his thought-provoking philosophical perspectives. I attempted to comprehend his existentialism and absurdity. He was pretentiously intelligent yet maintained a black and white view of life. I grew weary and disgusted by his cynicism and apathy. I despised his egocentrism and superiority complex. He was completely self-absorbed, deluded into thinking he was either at the top of the bell curve or miserably at the bottom, which made him believe he deserved a special place. And what made this even more unpleasant was the fact that he was fully aware of all these aspects, aware of how repugnant he was.<br/><br/>The introduction of a new character in the story led to some unexpected character development, and even though I subjectively considered this novella to deviate from the usual structure, I appreciated this development because it revealed the character's vulnerability. When he said, ""I may degrade and defile myself, but I am not anyone's slave,"" I had the strong urge to fly to Petersburg and tell him to his face that he was a mere scoundrel, enslaved by his own emotions and thoughts. His suffering had trapped him in his underground—his wretched and corrupted soul.<br/><br/>The mere fact that Dostoevsky’s words could manifest these emotions is another reason why he is indeed a literary genius. O how I wish I could read Dostoevsky in his mother tongue and be struck by its rawness. If I could purchase a physical copy of this book, I would love to reread it and conduct an in-depth analysis.<br/><br/>Overall, I enjoyed this book, although I didn't like the character due to Dostoevsky's deliberate portrayal of his despicability. This story also reminded me of ""The Death of Ivan Ilych,"" with old white men fearing their own humanity. Russian literature has a way of conveying that not all books help you escape reality; some torture you with the acceptance of harsh truths.",,,1,0
54628361,"Run, Melos!: English Edition (Japanese Classics)",Osamu Dazai,"Dazai, Osamu",,"=""""","=""""",2.0,,Kindle Edition,11,2020,1940,2023/07/30,2023/07/29,japanese-literature,japanese-literature (#5),read,"And here I thought this one doesn't sound like Dazai because of its Ancient Greek reference, only to figure out it's a rework of Schiller's Ballad. Not bad tho.",,,1,0
40961230,The Travelling Cat Chronicles,Hiro Arikawa,"Arikawa, Hiro",Philip Gabriel,"=""0735235244""","=""9780735235243""",4.0,Viking,Kindle Edition,281,2018,2012,2023/07/30,2023/07/30,japanese-literature,japanese-literature (#6),read,"Tears are still rolling as I write this review, and I'm almost out of tissues. I never thought I would cry over agony from a cat's perspective.<br/><br/>The story is about a stray cat adopted by a feline lover named Saturo. He names the cat ""Nana"" because of his hooked tail like the number seven. Nana's character embodies typical feline traits, with a sassy and tsundere attitude—truly a cat through and through! Saturo, on the other hand, is a pure cinnamon roll, making it hard for me to forget the ending.<br/><br/>While this book evokes emotions and delivers a powerful message, it is far from perfect. The switching of point of view is poorly transitioned, moving from the cat's captivating perspective, which I adore, to a third-person POV with mundane flashbacks. The inclusion of unnecessary backstories for every person they meet along the way disrupts the flow of the story and doesn't add notable information. Moreover, it diverts from the title of the story.<br/><br/>Overall, I am still grateful of Arikawa for writing this beautiful story about the relationship between a cat and its owner, as they explore the beauty of Japan.",,,1,0
43586518,The Art of Conversation: Twelve Golden Rules,Josephine Turck Baker,"Baker, Josephine Turck",,"=""""","=""""",3.0,,Kindle Edition,60,2018,1936,2023/10/04,2023/10/04,"self-help, audiobooks","self-help (#12), audiobooks (#1)",read,,,,1,0
56897474,The Dictionary of Obscure Sorrows,John Koenig,"Koenig, John",,"=""1501153641""","=""9781501153648""",5.0,Simon & Schuster,Hardcover,272,2021,2018,2023/09/06,2023/07/27,"self-help, highly-recommended","self-help (#9), highly-recommended (#8)",read,"I found a friend in this book; someone who sits with you under the clouds, talks about the mundane things, and comforts you without patronizing or telling you who you should be and what should you not do. It's just something that understands you perfectly as if it has seen the world in your own eyes. I never thought I would feel this nostalgic feeling while reading a book—a dictionary to be exact.",,,1,0
41473877,My Fate According to the Butterfly,Gail D. Villanueva,"Villanueva, Gail D.",,"=""133831050X""","=""9781338310504""",5.0,Scholastic Press,Hardcover,240,2019,2019,2024/02/12,2024/01/04,"friends-recommendation, written-by-a-filipino","friends-recommendation (#4), written-by-a-filipino (#1)",read,Short and heartwarming read that explores various issues in the Philippine context. It's eye-opener.,,,1,0
30278847,Midnight Monologues,Charissa Ong Ty,"Ty, Charissa Ong",,"=""""","=""9789671422700""",3.0,Penwings Publishing,Paperback,120,2016,,2024/01/31,2024/02/02,poetry,poetry (#10),read,,,,1,0
55710822,"Better Than the Movies (Better Than the Movies, #1)",Lynn Painter,"Painter, Lynn",,"=""1534467629""","=""9781534467620""",0,Simon & Schuster Books for Young Readers,Hardcover,356,2021,2021,,2024/01/28,"to-read, friends-recommendation","to-read (#5), friends-recommendation (#3)",to-read,,,,0,0
11100788,Leaving the Atocha Station,Ben Lerner,"Lerner, Ben",,"=""""","=""""",0,Coffee House Press,Paperback,181,2011,2011,,2024/01/03,"to-read, friends-recommendation","to-read (#2), friends-recommendation (#1)",to-read,,,,0,0
18373,Flowers for Algernon,Daniel Keyes,"Keyes, Daniel",,"=""015603008X""","=""9780156030083""",3.0,Harvest Books,Paperback,311,2004,1966,2023/07/16,2023/08/23,,,read,"Amusement, anger, and anguish.<br/><br/>Amusement arose from the exquisite delivery of this story—a style that is unquestionably appropriate for the plot. I was in awe and on my knees at the beginning because of that. However, amidst my amusement, the flow bored me to sleep, and I ended up dropping this book many moons ago. I don't know how many attempts I've made to flip the pages, but it failed to hook me.<br/><br/>Anger surged towards the main character, Charlie—a justifiable character development. Yet, I felt deep contempt towards Charlie, not merely because of how he turned out, but because I can see myself in him. The experiences, thoughts, traumas, philosophies, ambitions, and even mental illnesses—I despised reading it because I could feel myself being stripped naked. However, I still committed to go on because I love the lessons that Keyes wanted to explicitly implore. In fact, I almost annotated every page. As someone who dislikes romance, I'm in awe of the exploration of complex human emotions and individual identities. Although I haven't researched whether this book is academically accurate in terms of the jargon, I can vouch for the beauty of psychology in this novel. And, as they say, ""Beauty is terror."" So is intelligence.<br/><br/>Anguish overwhelmed me due to the progress, the outcome, and the fact that I'm nearing the ending. I felt like I've been on a long journey with Charlie, from heartwarming to heartbreaking—from his ignorance, brilliance, arrogance, dissociation, existential crisis, and hopelessness. This has been a good book. Although the ending was predictable, maybe because I related too much to Charlie to the extent that I couldn't feel sympathy towards him (and feeling sympathy is similar to wallowing in self-pity). Nonetheless, this novel is undoubtedly deserving of its popularity, and I don't regret committing till the end.",,,1,0
52036,Siddhartha,Hermann Hesse,"Hesse, Hermann",Hilda Rosner,"=""""","=""""",4.0,Bantam Books,Mass Market Paperback,152,1981,1922,2023/12/26,2023/09/06,,,read,"I find the beliefs and teachings of Buddhism peculiar yet strikingly beautiful, and this book encapsulated my fascination—or so I believed, this was not about that religion; in fact, it's a book that a nonbeliever would likely read and like. The narrative dives into themes of self-discovery, personal growth, and the interconnectedness of life. Initially, I disliked the characters, particularly Siddhartha, due to their unconventional thinking and the seemingly irrational aspects of their lives—though undeniably so human-like. However, I cannot disregard my appreciation for the main character's development! The concluding chapters nearly brought me to tears with its melancholic elegance. Simply put, it was a realization that life comprises a mix of a thousand painful memories and special moments. Before attaining peace, one may experience years of being lost, only to find a path completely different from their expectations, yet somehow still profoundly beautiful. One notable insight from this book was now engraved within me: “Wisdom is not something that can be bestowed or taught; rather, it must be personally experienced.”",,,1,0
41057388,The Strength In Our Scars,Bianca Sparacino,"Sparacino, Bianca",,"=""""","=""""",5.0,Thought Catalog Books,Kindle Edition,160,2018,2018,,2023/07/03,"self-help, highly-recommended","self-help (#11), highly-recommended (#9)",read,,,,1,0
35606560,The Sun and Her Flowers,Rupi Kaur,"Kaur, Rupi",,"=""1449486797""","=""9781449486792""",1.0,Andrews McMeel Publishing,Paperback,256,2017,2018,,2023/07/03,poetry,poetry (#9),read,,,,1,0
23513349,Milk and honey,Rupi Kaur,"Kaur, Rupi",,"=""1502784270""","=""9781502784278""",1.0,Createspace Independent Pub,Paperback,204,2014,2014,,2023/07/03,poetry,poetry (#8),read,,,,1,0
30075802,"The Princess Saves Herself in This One (Women Are Some Kind of Magic, #1)",Amanda Lovelace,"Lovelace, Amanda",,"=""1532913680""","=""9781532913686""",2.0,CreateSpace,Paperback,156,2016,2016,,2023/07/03,poetry,poetry (#7),read,,,,1,0
33208115,Love Her Wild,Atticus  .,"., Atticus",,"=""1501171232""","=""9781501171239""",3.0,Atria Books,Paperback,225,2017,2017,,2023/07/03,poetry,poetry (#6),read,,,,1,0
49057616,The Rudest Book Ever: Insanely Practical Ideas To Free Your Mind From All Bullshit,Shwetabh Gangwar,"Gangwar, Shwetabh",,"=""9388754433""","=""9789388754439""",5.0,Westland,Paperback,224,2019,2019,2023/09/06,2023/07/20,"self-help, highly-recommended","self-help (#10), highly-recommended (#7)",read,"This one is funny and sarcastic, that kind of book that snapped you back to reality. Highly likely I would recommend it to anyone who is in the pit of self-pity and drowned by societal expectations.",,,1,0
40591659,How to Die Alone: The Foolproof Guide to Not Helping Yourself,Mo Welch,"Welch, Mo",,"=""1523504269""","=""9781523504268""",1.0,Workman Publishing Company,Hardcover,144,2019,,2023/08/19,2023/08/18,,,read,"“In this book, I will show you how to become an antisocial hermit, how to fail at your boring job, how to sabotage your friendships, and much more! I’ll even offer tombstone suggestions to help you celebrate successfully dying alone. You can thank me later, when we’re all dead.”",,,1,0
2544,The Madman,Kahlil Gibran,"Gibran, Kahlil",,"=""1600961894""","=""9781600961892""",4.0,Waking Lion Press,Paperback,76,2006,1918,2023/08/19,2023/08/18,poetry,poetry (#4),read,I woke up and chose Khalil Gibran's words as my breakfast. His words rolled off my tongue like the marshmallow on hot chocolate.,,,1,0
50269327,Earthlings,Sayaka Murata,"Murata, Sayaka",Ginny Tapley Takemori,"=""1783785675""","=""9781783785674""",4.0,Granta Books,Hardcover,247,2020,2018,2023/08/15,2023/08/15,japanese-literature,japanese-literature (#7),read,"This book is surprisingly unsettling yet entertaining. Despite being one of the most disgustingly literary works I've ever read, I'm giving it a four because of the novel emotions it elicited. With its wild plot developments, I can summarize it in one word: ABSURD. I'm honestly surprised this isn't a banned book.<br/><br/>(tw: abuse, incest, pedophilia, murder, cannibalism)",,,1,0
25733573,Reasons to Stay Alive,Matt Haig,"Haig, Matt",,"=""0143128728""","=""9780143128724""",4.0,Penguin Life,Paperback,256,2016,2015,,2023/07/03,self-help,self-help (#6),read,,,,1,0
4069,Man's Search for Meaning,Viktor E. Frankl,"Frankl, Viktor E.","Harold S. Kushner, William J. Winslade, Ilse Lasch","=""080701429X""","=""9780807014295""",4.0,Beacon Press,Paperback,165,2006,1946,2022/08/31,2023/07/03,self-help,self-help (#5),read,,,,1,0
136406459,Little Black Book on How to Get Along with Your Parents (Little Black Book Series),Blaine Bartel,"Bartel, Blaine",,"=""""","=""""",2.0,Harrison House,Paperback,80,2004,2004,2022/04/06,2023/08/06,self-help,self-help (#3),read,,,,1,0
174713,The Lessons of History,Will Durant,"Durant, Will",Ariel Durant,"=""1567310249""","=""9781567310245""",4.0,Fine Communications,Hardcover,119,1997,1968,2023/08/11,2023/08/11,self-help,self-help (#1),read,"This book collects and combines important events and characters from the past, attributing them to the present time. It categorically captures the true essence (in a subjective sense) of history.<br/><br/>I savored and digested every word of Durant's prose, only to find myself craving more. This isn't a complaint, but I believe this book is too brief and concise for its own good.<br/><br/>Some concepts and jargon do sound foreign, and I believe my insufficient knowledge of World History is to blame. Nonetheless, context clues are provided, offering me a chance to research them independently.",,,1,0
25587975,To Kill a Mockingbird,Harper Lee,"Lee, Harper",,"=""""","=""""",1.0,Grand Central Publishing,Paperback,376,1995,1960,2023/08/08,2023/07/17,,,read,"I regret picking up this book.<br/><br/>My brows are furrowed because I have never been so infuriated while reading. This is the first time. I struggled to finish it because its writing style isn't my cup of tea, as it focuses more on dialogue rather than prosaic narration. I dislike realistic fiction with a whole community of characters that are barely introduced, yet given names and speeches. I couldn't even visualize the story in my head due to the poor description of the settings. I almost skimmed the first half of the story and only enjoyed the trial scene. <br/><br/>However, this book has one thing I liked—its title. I love its hidden meaning, especially when I finally figured it out along the way.",,,1,0
761365,Many Moons,James Thurber,"Thurber, James",Louis Slobodkin,"=""0152518738""","=""9780152518738""",5.0,Harcourt Brace Jovanovich,Hardcover,48,1981,1943,2023/08/07,2023/08/06,,,read,This is for the child in you.,,,1,0
7407023,Quality,John Galsworthy,"Galsworthy, John",,"=""1412185149""","=""9781412185141""",4.0,eBooksLib,ebook,12,2009,1912,2023/08/07,2023/08/06,,,read,I feel like I read a 600 pages novel in 6 pages!,,,1,0
56755560,"The Cat Who Saved Books (The Cat Who..., #1)",Sōsuke Natsukawa,"Natsukawa, Sōsuke",Louise Heal Kawai,"=""0063095726""","=""9780063095724""",5.0,HarperVia,Hardcover,199,2021,2017,2023/07/30,2023/07/29,japanese-literature,japanese-literature (#4),read,"Here's the thing: I'm grinning oddly right now, and I can't say whether it's because I put sugar in my coffee for the first time or because I found a cute book that resonates with me.<br/><br/>It's a heartwarming read about a hikikomori named Rintaro Natsuki. After his grandfather, who owned a secondhand bookshop, passed away, the store was left in his care. But this is not about grief. He embarks on otherworldly adventures with a talking cat to save books. How refreshing is that!<br/><br/>This book had a profound impact on my identity as a reader. I have been into books for entertainment and knowledge since I was still less than 1 year old who listens to storybooks. I've always considered books as friends that make me feel less alone, yet I've sworn never to be too attached or form deep connections, much like my human relationships. However, this light read shattered that philosophy to the extent that I no longer want to read electronic books.<br/><br/>Two lines from the book have resonated with me the most:<br/>1. “But a book that has been cherished and loved, filled with human thoughts, has been endowed with a soul.”<br/>2. “Human beings don’t live alone, and a book is a way to show them that.”<br/><br/>Furthermore, this book contains several classic recommendations, from Nietzsche and Goethe to Steinbeck and even Constant and Proust. Perhaps, I'll choose my next read from the books that Natsukawa mentioned.<br/><br/>This book found me so I'm giving it a five.♡",,,1,0
157993,The Little Prince,Antoine de Saint-Exupéry,"Saint-Exupéry, Antoine de",Richard Howard,"=""0152023984""","=""9780152023980""",5.0,"Harcourt, Inc.",Hardcover,96,2000,1943,,2023/07/03,highly-recommended,highly-recommended (#1),read,,,,1,0
49802501,Convenience Store Woman,Sayaka Murata,"Murata, Sayaka",,"=""1783785578""","=""9781783785575""",3.0,"GROVE/ATLANTIC, INC.",Paperback,159,2018,2016,2023/07/29,2023/07/28,japanese-literature,japanese-literature (#3),read,"A story about what it means to be normal or not according to society's standards. It follows the life of Keiko, a woman with autism, although it is not explicitly identified, displaying apparent Asperger's syndrome traits like lack of emotions and expression, poor social skills, sensitive hearing, and alienation. Keiko has always felt the need to be an ordinary human until she meets Shiraha, a cynical, eccentric, and pathetic convenience worker. Despite being oddballs, they form a peculiar bond.<br/><br/>The story unfolds in the unsettling backdrop of modern Japanese society, where cultural adherence and conformity are paramount, and establishing gender roles is crucial. It delves into populist concepts, exploring ordinary human behavior and small details of life. Despite its brevity, it offers thought-provoking insights.<br/><br/>However, the narration techniques used in this story didn't sit right with me. Being written in the first-person point of view, Keiko's, some scenes felt dragged and monotonous. I also anticipated Keiko's development of psychopathic signs, which were hinted several times but not fully explored. Furthermore, Shiraha's existence seemed less relevant to the plot, merely serving to add content without notable contribution.<br/><br/>Regardless of these aspects, the book is not that bad. It speaks to the oddballs out there, offering a relatable and unique perspective.",,,1,0
194746,No Longer Human,Osamu Dazai,"Dazai, Osamu",Donald Keene,"=""""","=""""",5.0,New Directions,Paperback,176,1958,1948,2022/03/31,2023/07/03,japanese-literature,japanese-literature (#2),read,"I had dadaistic opinion towards this book. It's brilliantly written but its contents are disturbing—in such a way that isn't horror or tragic, but an abominable biography of a madman. And I like it.",,,1,0
40740914,If Cats Disappeared from the World,Genki Kawamura,"Kawamura, Genki",Eric Selland,"=""1509889175""","=""9781509889174""",3.0,Picador,Paperback,202,2018,2012,2023/07/28,2023/07/27,japanese-literature,japanese-literature (#1),read,"This book is about a man who has only a few days left to live. It's a melancholic and solemn read, especially because I read it early in the morning while sipping coffee and listening to the rain outside. There's a silent pang within me as I go through the pages, perhaps because life and death are concepts that humans often contemplate. While reading Japanese literature, I have always noticed its resemblance to Russian literature, but it's just a bit softer than the latter.<br/><br/>Although the narrator's thoughts can get repetitive and dull, I love Genki Kawamura's flow of words (perhaps even better if I could read it in its original language). It's a mediocre story, without much angst, twists, or intricacies—contradictory to the idea that humans are complex beings. It's simple, and I appreciate it just the way it is.",,,1,0
41150487,"Red, White & Royal Blue (Red, White & Royal Blue, #1)",Casey McQuiston,"McQuiston, Casey",,"=""1250316774""","=""9781250316776""",3.0,St. Martin's Griffin,Paperback,443,2019,2019,2023/07/22,2023/07/19,,,read,"This queer fiction book revolves around a romance entanglement between Alex, the first son of the first female president, and Henry, a prince from the British monarchy. The story features the famous “enemies to lovers” trope, but it delves beyond romance, incorporating political science concepts, particularly international relations and the differences in American and British government. The book also explores themes of sexuality, friendship, and family connections.<br/><br/>The writing style is unremarkable, resembling the quick-paced books often read to kids, except that this book is Rated 18+ due to its explicit spicy scenes and numerous profanities. Despite that, the book managed to keep me entertained as I experienced moments of laughter and tears. Consequently, I would rate it three stars. Two stars were deducted for the predictable plot, even without revealing any spoilers. The predictability caused me to feel bored midway through the story, making it appear mediocre—a mere source of entertainment and a casual distraction. Furthermore, it also reminds of the Chinese graphic novel, “The First Love of the Royal Prince.”<br/><br/>However, if someone were to ask about a gay romance recommendation, I would mention this book first and foremost. It exudes a heartwarming and slow-burn romance, while being free from toxic characters and triggering content.",,,1,0
160374,The Death of Ivan Ilyich,Leo Tolstoy,"Tolstoy, Leo","Lynn Solotaroff, Ronald Blythe","=""0553210351""","=""9780553210354""",3.0,Bantam Classic,Paperback,113,2004,1886,2023/07/05,2023/07/04,russian-literature,russian-literature (#1),read,"A mundane story of every mediocre man that has ceased to exist and will cease to exist. The protagonist, Ivan, led a lonely life that, unfortunately, most of us fear will be similar. It's a life where we believe we've done our best, yet at some point, we question it because the thought of our own mortality terrifies us. Nonetheless, we acknowledge that death is inevitable.<br/><br/>When Ivan said, ""If there's no me, what will there be?"" I know that no matter how mundane and dull the concept of this story may seem, Tolstoy would give it the justice it deserves. I mean, who am I kidding? He's the man I'd be willing to bargain my soul with the devil just to have a day when I could sit down and have a cup of tea, coffee, or any other drink with him.",,,1,0
38926487,"All Your Perfects (Hopeless, #3)",Colleen Hoover,"Hoover, Colleen",,"=""1501193325""","=""9781501193323""",2.0,Atria Books,Paperback,305,2018,2018,2023/01/01,2023/07/17,,,read,"This book was recommended to me, so despite my prejudice against romance novels, I decided to give it a try. Okay, here goes—I'll be spouting some nonsense.<br/><br/>Firstly, it's worth noting that this is a melodramatic romance. Whether it can be considered realistic or not remains uncertain, but one thing is clear—Hoover certainly enjoys drama. I appreciated that the story focused on life after marriage rather than relying on the clichéd “Strangers to Lovers” or ""Happily Ever After"" concept. Hoover delved into the challenges of miscarriage, relationship flaws, and forgiveness. However, what irked me the most was not the plot itself but rather the conflict that needlessly prolonged the book. Miscommunication. How trivial it is!<br/><br/>Nonetheless, this book provided a light read, which was a complete divergence from the type of writing I'm accustomed to. I finished it in less than three hours since there was no need to analyze the prose due to its shallow narration. Speaking of narration, I loved the way the settings seamlessly switched from past to present—resembling a flashback in a movie with a decent transition.<br/><br/>I'm giving this book a two-star rating because the female lead annoyed the hell out of me. Once again, it served as a reminder for me to steer clear of contemporary romance books.",,,1,0
537094,The Overcoat,Nikolai Gogol,"Gogol, Nikolai",,"=""1419176528""","=""9781419176524""",4.0,Kessinger Pub Co,Paperback,57,2004,1842,2023/07/15,2023/07/14,russian-literature,russian-literature (#3),read,"What a brilliant read!<br/><br/>I was completely engaged and thoroughly entertained by this book. Its central theme revolves around the cloak, as the title suggests, but it delves into so much more. It tackles a range of societal concepts and issues, such as social hierarchy, symbols of status, inequality, and poverty. The narrative explores the detrimental consequences of materialism and exposes the cold indifference of society. And yes, this satirical novella remains relevant even in the present age.<br/><br/>As I read, I found myself smiling with satisfaction for picking up this book. The plot twist took me completely by surprise since there were no noticeable hints or foreshadowing along the way. Additionally, this was my first encounter with Gogol's writing, and his indirect use of second-person narrative to include the reader felt refreshingly new.<br/><br/>The only downside is that the story is too brief, and the ending left me hanging. I have to admit this, I hate cliffhangers.",,,1,0
6900,"Tuesdays with Morrie: An Old Man, a Young Man, and Life's Greatest Lesson",Mitch Albom,"Albom, Mitch",,"=""""","=""""",4.0,Warner,Paperback,210,2000,1997,2022/09/30,2023/07/05,,,read,,,,1,0
13623848,The Song of Achilles,Madeline Miller,"Miller, Madeline",,"=""""","=""""",4.0,Ecco,Paperback,408,2012,2011,2022/07/31,2023/07/03,,,read,I am sad but I couldn't cry. It was a bittersweet ending in the underworld. And how dare I complain to the same-sex relationship of Achilles and Patroclus. They made me smile and melt in sweetness. I should probably buy a hardcopy of this book.,true,,1,0
8217236,The Yellow Wallpaper,Charlotte Perkins Gilman,"Gilman, Charlotte Perkins",,"=""""","=""""",2.0,Public Domain Books,Kindle Edition,63,2009,1892,2022/06/30,2023/07/03,,,read,,,,1,0
485894,The Metamorphosis,Franz Kafka,"Kafka, Franz",Stanley Corngold,"=""0553213695""","=""9780553213690""",3.0,Bantam Classics,Mass Market Paperback,201,1972,1915,2022/05/31,2023/07/03,,,read,"I read this in a surreal artistic imagination, and it left me perplexed in utter silence. The beauty disgusted me and the repugnance intrigued me.",,,1,0
3097601,Suicide Notes,Michael Thomas Ford,"Ford, Michael Thomas",,"=""0060737557""","=""9780060737559""",3.0,HarperCollins,Paperback,295,2008,2008,2022/04/30,2023/07/03,,,read,I'm crying. I'm so happy for him. I had the hunch that it was “that” reason. I am glad I read this. It once again widens my perspective for the LGBTQ+ community.,,,1,0
52578297,"The Midnight Library (The Midnight World, #1)",Matt Haig,"Haig, Matt",,"=""0525559477""","=""9780525559474""",5.0,Viking,Hardcover,288,2020,2020,2022/02/28,2023/07/03,,,read,"This is my first contemporary read with such concept. I hated how I Nora is so relatable, and how I can picture myself leading the life she had.",,,1,0
480204,The Phantom of the Opera,Gaston Leroux,"Leroux, Gaston",,"=""0060809248""","=""9780060809249""",4.0,Harper Perennial,Mass Market Paperback,360,1987,1910,2023/07/05,2023/07/04,,,read,"I've been jumping from book to book these past few days, and in the wee hours of this night, when I was desperate for a boring narration to serve as my bedtime story, I stumbled upon ""The Phantom of the Opera."" As I delved into the story's settings, I found myself visualizing a bleak and terrifying place, causing me to break out in a cold sweat. This was far from a dull and rusty storybook. The taste of gothic literature in the story was a thrilling and delightful experience.<br/><br/>Moreover, this story splendidly showcased the depths of intricacy and complexity of human relationships. Leroux had this playful yet interesting way of storytelling. I could clearly feel every outburst of diverse emotions. Here's one intense line from Raoul that made me scream: ""I shall snatch off his mask, as I shall snatch off my own; and this time, we shall look each other in the face, he and I, with no veil and no lies between us; and I shall know whom you love and who loves you!""<br/><br/>After almost five hours, the ending failed to meet my expectations and successfully disappointed me. I was looking forward for something more macabre or morbid, but instead, I was left confused and perplexed. Perhaps because Leroux never intended to make ""him"" suffer more. In fact, I think he wanted the readers to pity ""him.""<br/><br/>It's already 3:33 AM. Sleep was out of the question because every chapter left me hanging. I was engrossed in the book that I couldn't even blink. Deep down, I was certain that my absurd imagination would haunt me if I put down the story unfinished.",,,1,0
29056083,"Harry Potter and the Cursed Child: Parts One and Two (Harry Potter, #8)",J.K. Rowling,"Rowling, J.K.","Jack Thorne, John Tiffany","=""0540027340""","=""9780540027347""",1.0,"Little, Brown",Hardcover,343,2016,2016,2020/06/27,2023/07/04,,,read,,,,1,0
136637991,Harry Potter and the Deathly Hollows,J.K. Rowling,"Rowling, J.K.",,"=""""","=""""",3.0,Arthur A. Levine Books,Hardcover,0,2007,2007,2020/06/25,2023/07/04,,,read,,,,1,0
1,"Harry Potter and the Half-Blood Prince (Harry Potter, #6)",J.K. Rowling,"Rowling, J.K.",,"=""""","=""""",5.0,Scholastic Inc,Paperback,652,2006,2005,2020/06/21,2023/07/04,,,read,,,,1,0
2,"Harry Potter and the Order of the Phoenix (Harry Potter, #5)",J.K. Rowling,"Rowling, J.K.",Mary GrandPré,"=""0439686520""","=""9780439686525""",2.0,Scholastic Inc.,Paperback,576,2004,2003,2020/06/19,2023/07/04,,,read,,,,1,0
6,"Harry Potter and the Goblet of Fire (Harry Potter, #4)",J.K. Rowling,"Rowling, J.K.",Mary GrandPré,"=""0439139597""","=""9780439139595""",2.0,Scholastic,Paperback,734,2002,2000,2020/06/15,2023/07/04,,,read,,,,1,0
5,"Harry Potter and the Prisoner of Azkaban (Harry Potter, #3)",J.K. Rowling,"Rowling, J.K.",Mary GrandPré,"=""043965548X""","=""9780439655484""",3.0,Scholastic Inc.,Mass Market Paperback,547,2004,1999,2020/06/10,2023/07/04,,,read,,,,1,0
420275,The Necklace,Guy de Maupassant,"Maupassant, Guy de",Gary Kelley,"=""1568461933""","=""9781568461939""",3.0,Creative Editions,Hardcover,48,2004,1884,2023/01/08,2023/07/04,,,read,,,,1,0
49552,The Stranger,Albert Camus,"Camus, Albert",Matthew  Ward,"=""""","=""""",5.0,Vintage International,Paperback,123,1989,1942,,2023/07/03,highly-recommended,highly-recommended (#3),read,,,,1,0
38926444,The Dark Between Stars,Atticus  .,"., Atticus",,"=""1982104864""","=""9781982104863""",4.0,Atria Books,Paperback,240,2018,2018,,2023/07/03,,,read,,,,1,0
13214,"I Know Why the Caged Bird Sings (Maya Angelou's Autobiography, #1)",Maya Angelou,"Angelou, Maya",,"=""0553279378""","=""9780553279375""",2.0,Bantam Books,Paperback,289,1993,1969,,2023/07/03,,,read,,,,1,0
2493,The Time Machine,H.G. Wells,"Wells, H.G.","Greg Bear, Carlo Pagetti","=""""","=""""",3.0,Signet Classics,Paperback,118,2002,1895,,2023/07/03,,,read,,,,1,0
3008,A Little Princess,Frances Hodgson Burnett,"Burnett, Frances Hodgson",U.C. Knoepflmacher,"=""0142437018""","=""9780142437018""",4.0,Penguin Books,Paperback,242,2002,1905,,2023/07/03,,,read,,,,1,0
960,"Angels & Demons (Robert Langdon, #1)",Dan    Brown,"Brown, Dan",,"=""1416524797""","=""9781416524793""",3.0,Pocket Books,Mass Market Paperback,736,2006,2000,,2023/07/03,,,read,,,,1,0
93,"Heidi (Heidi, #1-2)",Johanna Spyri,"Spyri, Johanna","Angelo Rinaldi, Beverly Cleary","=""0753454947""","=""9780753454947""",3.0,Kingfisher,Paperback,352,2002,1880,,2023/07/03,,,read,,,,1,0
295,Treasure Island,Robert Louis Stevenson,"Stevenson, Robert Louis",Newell Convers Wyeth,"=""0753453800""","=""9780753453803""",2.0,Kingfisher,Hardcover,352,2001,1882,,2023/07/03,,,read,,,,1,0
17838490,Playlist for the Dead,Michelle Falkoff,"Falkoff, Michelle",,"=""006231050X""","=""9780062310507""",1.0,HarperTeen,Hardcover,288,2015,2015,,2023/07/03,,,read,,,,1,0
7190,The Three Musketeers,Alexandre Dumas,"Dumas, Alexandre","Richard Pevear, Philip Bates, William Barrow, August Zoller, Marisa Zini, Moshe Ukkle, Pierre Toutain-Dorbec, John      Lee, Jacques Georges Clemenc Le Clercq, Natalie Montoto, S.M. Sheley, Daniel Rasmusson, Louis Jourdan, Walter Covell, Michael  Page, Michael Hugh Johnson, Sylvie Thorel-Cailleteau, Milo Winter, Bill Homewood, Arthur Paul John Charles James Gore Sudley, S.N. Rizvi, Giorgio Manganelli, William Robson, Isabel Ely Lord, Александр Дюма","=""""","=""""",3.0,Modern Library,Paperback,625,2001,1844,,2023/07/03,,,read,,,,1,0
2956,"The Adventures of Huckleberry Finn (Adventures of Tom and Huck, #2)",Mark Twain,"Twain, Mark","Guy Cardwell, E.W. Kemble, John Seelye, Walter Trier, Tom Wilson, William Little Hughes","=""0142437174""","=""9780142437179""",3.0,Penguin Classics,Paperback,327,2002,1885,,2023/07/03,,,read,,,,1,0
640029,"Nobody's Princess (Nobody's Princess, #1)",Esther M. Friesner,"Friesner, Esther M.",,"=""037587528X""","=""9780375875281""",3.0,Random House Books for Young Readers,Hardcover,296,2007,2007,,2023/07/03,,,read,,,,1,0
51497,The Strange Case of Dr. Jekyll and Mr. Hyde and Other Tales of Terror,Robert Louis Stevenson,"Stevenson, Robert Louis",Robert Mighall,"=""0141439734""","=""9780141439730""",5.0,Penguin Classics,Paperback,224,2003,1886,,2023/07/03,,,read,,,,1,0
2623,Great Expectations,Charles Dickens,"Dickens, Charles","Kate Flint, Margaret Cardwell","=""0192833596""","=""9780192833594""",1.0,Oxford University Press,Paperback,544,1998,1861,,2023/07/03,,,read,,,,1,0
18167916,The Tale of Two Cities,Charles Dickens,"Dickens, Charles",,"=""""","=""""",2.0,James Nisbet & Company Liminited,ebook,504,1902,1859,,2023/07/03,,,read,,,,1,0
18254,Oliver Twist,Charles Dickens,"Dickens, Charles",Philip Horne,"=""""","=""""",3.0,Penguin Books,Paperback,608,2003,1838,,2023/07/03,,,read,,,,1,0
2165,The Old Man and the Sea,Ernest Hemingway,"Hemingway, Ernest",,"=""0684830493""","=""9780684830490""",4.0,Scribner,Hardcover,96,1996,1952,,2023/07/03,,,read,,,,1,0
18460392,All the Bright Places,Jennifer Niven,"Niven, Jennifer",,"=""0385755880""","=""9780385755887""",4.0,Knopf,Hardcover,388,2015,2015,,2023/07/03,,,read,,,,1,0
18144590,The Alchemist,Paulo Coelho,"Coelho, Paulo",,"=""0062315005""","=""9780062315007""",4.0,HarperOne,Paperback,182,2014,1988,,2023/07/03,,,read,,,,1,0
22628,The Perks of Being a Wallflower,Stephen Chbosky,"Chbosky, Stephen",,"=""""","=""""",5.0,MTV Books/Pocket Books,Hardcover,213,1999,1999,,2023/07/03,,,read,,,,1,0
